{"certificateAuthorities":{"ca-org1":{"caName":"ca-org1","httpOptions":{"verify":true},"registrar":{"enrollId":"admin","enrollSecret":"adminpw"},"tlsCACerts":{"client":{"certfile":"$GOPATH/src/github.com/hyperledger/fabric-sdk-go/test/api-server/tls/fabricca/certs/client/client_fabric_client.pem","keyfile":"$GOPATH/src/github.com/hyperledger/fabric-sdk-go/test/api-server/tls/fabricca/certs/client/client_fabric_client-key.pem"},"path":"$GOPATH/src/github.com/hyperledger/fabric-sdk-go/test/api-server/tls/fabricca/certs/ca_root.pem"},"url":"https://ca_peerOrg1:7054"}},"channels":{"gajchannel":{"chaincodes":["authentacation:1.0"],"orderers":["orderer-df6ce2fad2b7b628592708ea90c695a7b6deea09-0.orderer-df6ce2fad2b7b628592708ea90c695a7b6deea09.default.svc.cluster.local","orderer-df6ce2fad2b7b628592708ea90c695a7b6deea09-1.orderer-df6ce2fad2b7b628592708ea90c695a7b6deea09.default.svc.cluster.local","orderer-df6ce2fad2b7b628592708ea90c695a7b6deea09-2.orderer-df6ce2fad2b7b628592708ea90c695a7b6deea09.default.svc.cluster.local","orderer-df6ce2fad2b7b628592708ea90c695a7b6deea09-3.orderer-df6ce2fad2b7b628592708ea90c695a7b6deea09.default.svc.cluster.local"],"peers":{"peer-8d5a1a6b8e172620aa22fcb0eeff734bb15af57c-0.peer-8d5a1a6b8e172620aa22fcb0eeff734bb15af57c.default.svc.cluster.local":{"chaincodeQuery":true,"endorsingPeer":true,"eventSource":true,"ledgerQuery":true},"peer-8d5a1a6b8e172620aa22fcb0eeff734bb15af57c-1.peer-8d5a1a6b8e172620aa22fcb0eeff734bb15af57c.default.svc.cluster.local":{"chaincodeQuery":true,"endorsingPeer":true,"eventSource":true,"ledgerQuery":true}}}},"client":{"BCCSP":{"security":{"default":{"provider":"SW"},"enabled":true,"ephemeral":false,"hashAlgorithm":"SHA2","level":256,"softVerify":true}},"credentialStore":{"cryptoStore":{"path":"/tmp/msp"},"path":"/tmp/hfc-kvs","wallet":"wallet-name"},"cryptoconfig":{"path":"/opt/gopath/src/github.com/hyperledger/fabric"},"eventService":{"timeout":{"connection":"10s","registrationResponse":"50s"}},"logging":{"level":"info"},"orderer":{"timeout":{"connection":"10s","response":"45s"}},"organization":"8d5a1a6b8e172620aa22fcb0eeff734bb15af57c","peer":{"timeout":{"connection":"10s","executeTxResponse":"120s","queryResponse":"45s"}}},"description":"The network to be in if you want to stay in the global trade business","name":"global-trade-network","orderer-eip":"119.3.206.175","orderers":{"orderer-df6ce2fad2b7b628592708ea90c695a7b6deea09-0.orderer-df6ce2fad2b7b628592708ea90c695a7b6deea09.default.svc.cluster.local":{"grpcOptions":{"grpc-max-send-message-length":15,"hostnameOverride":"orderer-df6ce2fad2b7b628592708ea90c695a7b6deea09-0.orderer-df6ce2fad2b7b628592708ea90c695a7b6deea09.default.svc.cluster.local","negotiationType":"TLS","ssl-target-name-override":"orderer-df6ce2fad2b7b628592708ea90c695a7b6deea09-0.orderer-df6ce2fad2b7b628592708ea90c695a7b6deea09.default.svc.cluster.local","sslProvider":"openSSL"},"tlsCACerts":{"path":"/bcsiHome/df6ce2fad2b7b628592708ea90c695a7b6deea09.orderer/msp/tlscacerts/tlsca.df6ce2fad2b7b628592708ea90c695a7b6deea09-cert.pem"},"url":"grpcs://119.3.206.175:30805"},"orderer-df6ce2fad2b7b628592708ea90c695a7b6deea09-1.orderer-df6ce2fad2b7b628592708ea90c695a7b6deea09.default.svc.cluster.local":{"grpcOptions":{"grpc-max-send-message-length":15,"hostnameOverride":"orderer-df6ce2fad2b7b628592708ea90c695a7b6deea09-1.orderer-df6ce2fad2b7b628592708ea90c695a7b6deea09.default.svc.cluster.local","negotiationType":"TLS","ssl-target-name-override":"orderer-df6ce2fad2b7b628592708ea90c695a7b6deea09-1.orderer-df6ce2fad2b7b628592708ea90c695a7b6deea09.default.svc.cluster.local","sslProvider":"openSSL"},"tlsCACerts":{"path":"/bcsiHome/df6ce2fad2b7b628592708ea90c695a7b6deea09.orderer/msp/tlscacerts/tlsca.df6ce2fad2b7b628592708ea90c695a7b6deea09-cert.pem"},"url":"grpcs://119.3.206.175:30806"},"orderer-df6ce2fad2b7b628592708ea90c695a7b6deea09-2.orderer-df6ce2fad2b7b628592708ea90c695a7b6deea09.default.svc.cluster.local":{"grpcOptions":{"grpc-max-send-message-length":15,"hostnameOverride":"orderer-df6ce2fad2b7b628592708ea90c695a7b6deea09-2.orderer-df6ce2fad2b7b628592708ea90c695a7b6deea09.default.svc.cluster.local","negotiationType":"TLS","ssl-target-name-override":"orderer-df6ce2fad2b7b628592708ea90c695a7b6deea09-2.orderer-df6ce2fad2b7b628592708ea90c695a7b6deea09.default.svc.cluster.local","sslProvider":"openSSL"},"tlsCACerts":{"path":"/bcsiHome/df6ce2fad2b7b628592708ea90c695a7b6deea09.orderer/msp/tlscacerts/tlsca.df6ce2fad2b7b628592708ea90c695a7b6deea09-cert.pem"},"url":"grpcs://119.3.206.175:30807"},"orderer-df6ce2fad2b7b628592708ea90c695a7b6deea09-3.orderer-df6ce2fad2b7b628592708ea90c695a7b6deea09.default.svc.cluster.local":{"grpcOptions":{"grpc-max-send-message-length":15,"hostnameOverride":"orderer-df6ce2fad2b7b628592708ea90c695a7b6deea09-3.orderer-df6ce2fad2b7b628592708ea90c695a7b6deea09.default.svc.cluster.local","negotiationType":"TLS","ssl-target-name-override":"orderer-df6ce2fad2b7b628592708ea90c695a7b6deea09-3.orderer-df6ce2fad2b7b628592708ea90c695a7b6deea09.default.svc.cluster.local","sslProvider":"openSSL"},"tlsCACerts":{"path":"/bcsiHome/df6ce2fad2b7b628592708ea90c695a7b6deea09.orderer/msp/tlscacerts/tlsca.df6ce2fad2b7b628592708ea90c695a7b6deea09-cert.pem"},"url":"grpcs://119.3.206.175:30808"}},"organizations":{"8d5a1a6b8e172620aa22fcb0eeff734bb15af57c":{"certificateAuthorities":["ca-org1"],"cryptoPath":"/bcsiHome/8d5a1a6b8e172620aa22fcb0eeff734bb15af57c.peer/msp","mspid":"8d5a1a6b8e172620aa22fcb0eeff734bb15af57cMSP","peers":["peer-8d5a1a6b8e172620aa22fcb0eeff734bb15af57c-0.peer-8d5a1a6b8e172620aa22fcb0eeff734bb15af57c.default.svc.cluster.local","peer-8d5a1a6b8e172620aa22fcb0eeff734bb15af57c-1.peer-8d5a1a6b8e172620aa22fcb0eeff734bb15af57c.default.svc.cluster.local"],"tlsCryptoCertPath":"/bcsiHome/8d5a1a6b8e172620aa22fcb0eeff734bb15af57c.peer/tls/server.crt","tlsCryptoKeyPath":"/bcsiHome/8d5a1a6b8e172620aa22fcb0eeff734bb15af57c.peer/tls/server.key"},"ordererorg":{"cryptoPath":"/bcsiHome/df6ce2fad2b7b628592708ea90c695a7b6deea09.orderer/msp","mspID":"df6ce2fad2b7b628592708ea90c695a7b6deea09MSP"}},"peers":{"peer-8d5a1a6b8e172620aa22fcb0eeff734bb15af57c-0.peer-8d5a1a6b8e172620aa22fcb0eeff734bb15af57c.default.svc.cluster.local":{"eventUrl":"grpcs://119.3.206.175:30705","grpcOptions":{"grpc.http2.keepalive_time":15,"hostnameOverride":"peer-8d5a1a6b8e172620aa22fcb0eeff734bb15af57c-0.peer-8d5a1a6b8e172620aa22fcb0eeff734bb15af57c.default.svc.cluster.local","negotiationType":"TLS","ssl-target-name-override":"peer-8d5a1a6b8e172620aa22fcb0eeff734bb15af57c-0.peer-8d5a1a6b8e172620aa22fcb0eeff734bb15af57c.default.svc.cluster.local","sslProvider":"openSSL"},"tlsCACerts":{"path":"/bcsiHome/8d5a1a6b8e172620aa22fcb0eeff734bb15af57c.peer/msp/tlscacerts/tlsca.8d5a1a6b8e172620aa22fcb0eeff734bb15af57c-cert.pem"},"url":"grpcs://119.3.206.175:30605"},"peer-8d5a1a6b8e172620aa22fcb0eeff734bb15af57c-1.peer-8d5a1a6b8e172620aa22fcb0eeff734bb15af57c.default.svc.cluster.local":{"eventUrl":"grpcs://119.3.206.175:30706","grpcOptions":{"grpc.http2.keepalive_time":15,"hostnameOverride":"peer-8d5a1a6b8e172620aa22fcb0eeff734bb15af57c-1.peer-8d5a1a6b8e172620aa22fcb0eeff734bb15af57c.default.svc.cluster.local","negotiationType":"TLS","ssl-target-name-override":"peer-8d5a1a6b8e172620aa22fcb0eeff734bb15af57c-1.peer-8d5a1a6b8e172620aa22fcb0eeff734bb15af57c.default.svc.cluster.local","sslProvider":"openSSL"},"tlsCACerts":{"path":"/bcsiHome/8d5a1a6b8e172620aa22fcb0eeff734bb15af57c.peer/msp/tlscacerts/tlsca.8d5a1a6b8e172620aa22fcb0eeff734bb15af57c-cert.pem"},"url":"grpcs://119.3.206.175:30606"}},"version":"1.0.0","x-loggingLevel":"info","x-type":"hlfv1"}